{
	"info": {
		"_postman_id": "3aaf0d63-91d8-478f-9c68-d32db3a8d3b0",
		"name": "PispSDK",
		"schema": "https://schema.getpostman.com/json/collection/v2.1.0/collection.json"
	},
	"item": [
		{
			"name": "1.Retrieve access token for Payment request",
			"event": [
				{
					"listen": "test",
					"script": {
						"id": "5509529a-e971-4358-ba65-737c0a7afac5",
						"exec": [
							"pm.test(\"Status code is 200\", function () {",
							"    pm.response.to.have.status(200);",
							"});",
							"",
							"let jsonData = pm.response.json();",
							"let accessToken = jsonData.access_token;",
							"pm.environment.set(\"paymentRequestAccessToken\", accessToken);"
						],
						"type": "text/javascript"
					}
				},
				{
					"listen": "prerequest",
					"script": {
						"id": "2bca12ff-4845-46b7-8e5e-722a6d93d081",
						"exec": [
							"pm.environment.unset(\"paymentRequestAccessToken\");"
						],
						"type": "text/javascript"
					}
				}
			],
			"request": {
				"auth": {
					"type": "noauth"
				},
				"method": "POST",
				"header": [
					{
						"key": "Content-Type",
						"value": "application/json"
					}
				],
				"body": {
					"mode": "raw",
					"raw": "{\r\n\"grant_type\":\"client_credentials\",\r\n\"client_id\":\"{{client_id}}\",\r\n\"client_secret\":\"{{client_secret}}\",\r\n\"scope\":\"payments\"\r\n}",
					"options": {
						"raw": {
							"language": "json"
						}
					}
				},
				"url": {
					"raw": "http://localhost:8080/open-banking/v3/token",
					"protocol": "http",
					"host": [
						"localhost"
					],
					"port": "8080",
					"path": [
						"open-banking",
						"v3",
						"token"
					]
				}
			},
			"response": []
		},
		{
			"name": "2.Post Domestic Payment Consent request",
			"event": [
				{
					"listen": "test",
					"script": {
						"id": "f25d51cf-627a-4a30-9cb0-60b867297fde",
						"exec": [
							"pm.test(\"Status code is 201\", function () {",
							"    pm.response.to.have.status(201);",
							"});",
							"",
							"let jsonData = pm.response.json();",
							"let paymentConsentId = jsonData.Data.ConsentId;",
							"pm.environment.set(\"consentId\", paymentConsentId);"
						],
						"type": "text/javascript"
					}
				},
				{
					"listen": "prerequest",
					"script": {
						"id": "ed973cd2-e3c4-4167-885c-35bc3b8ade02",
						"exec": [
							"pm.environment.unset(\"consentId\");"
						],
						"type": "text/javascript"
					}
				}
			],
			"request": {
				"auth": {
					"type": "noauth"
				},
				"method": "POST",
				"header": [
					{
						"key": "Authorization",
						"value": "Bearer {{paymentRequestAccessToken}}"
					},
					{
						"key": "x-fapi-financial-id",
						"value": "{{x-fapi-financial-id}}"
					},
					{
						"key": "Content-Type",
						"value": "application/json"
					},
					{
						"key": "x-jws-signature",
						"value": "{{x-jws-signature}}"
					},
					{
						"key": "x-idempotency-key",
						"value": "{{$guid}}"
					},
					{
						"key": "x-fapi-interaction-id",
						"value": "6ee26a85-d506-48bb-b483-f66e9c700b9I",
						"type": "text",
						"disabled": true
					}
				],
				"body": {
					"mode": "raw",
					"raw": "{\n  \"Data\": {\n    \"Initiation\": {\n      \"InstructionIdentification\": \"instr-identification\",\n      \"EndToEndIdentification\": \"e2e-identification\",\n      \"InstructedAmount\": {\n        \"Amount\": \"50.00\",\n        \"Currency\": \"{{psuDebtorAccountCurrency}}\"\n      },\n      \"DebtorAccount\": null,\n      \"CreditorAccount\": {\n        \"SchemeName\": \"IBAN\",\n        \"Identification\": \"BE56456394728288\",\n        \"Name\": \"ACME DIY\",\n        \"SecondaryIdentification\": \"secondary-identif\"\n      },\n      \"RemittanceInformation\": {\n        \"Unstructured\": \"Tools\",\n        \"Reference\": \"Tools\"\n      }\n    }\n  },\n  \"Risk\": {\n    \"PaymentContextCode\": \"EcommerceGoods\",\n    \"MerchantCategoryCode\": null,\n    \"MerchantCustomerIdentification\": null,\n    \"DeliveryAddress\": null\n  }\n}\n"
				},
				"url": {
					"raw": "http://localhost:8080/open-banking/v3.1/pisp/domestic-payment-consents",
					"protocol": "http",
					"host": [
						"localhost"
					],
					"port": "8080",
					"path": [
						"open-banking",
						"v3.1",
						"pisp",
						"domestic-payment-consents"
					]
				}
			},
			"response": []
		},
		{
			"name": "3.GetAuthorizeConsentURL",
			"event": [
				{
					"listen": "test",
					"script": {
						"id": "8595c56c-7ae3-4313-a76f-819b14ec075a",
						"exec": [
							""
						],
						"type": "text/javascript"
					}
				},
				{
					"listen": "prerequest",
					"script": {
						"id": "d4bd685d-c3f6-4729-8788-f16fcb5aff15",
						"exec": [
							""
						],
						"type": "text/javascript"
					}
				}
			],
			"request": {
				"method": "GET",
				"header": [
					{
						"key": "conten",
						"value": "application/json",
						"type": "text",
						"disabled": true
					}
				],
				"url": {
					"raw": "http://localhost:8080/open-banking/v3.1/pisp/authorization.oauth2?request={{consentId}}",
					"protocol": "http",
					"host": [
						"localhost"
					],
					"port": "8080",
					"path": [
						"open-banking",
						"v3.1",
						"pisp",
						"authorization.oauth2"
					],
					"query": [
						{
							"key": "request",
							"value": "{{consentId}}"
						}
					]
				}
			},
			"response": []
		},
		{
			"name": "4.OBToken",
			"event": [
				{
					"listen": "test",
					"script": {
						"id": "0f3a9b6c-266b-4442-ba0a-e6a73d818d89",
						"exec": [
							"pm.test(\"Status code is 200\", function () {",
							"    pm.response.to.have.status(200);",
							"});",
							"",
							"let jsonData = pm.response.json();",
							"let accessToken = jsonData.access_token;",
							"pm.environment.set(\"access_token\", accessToken);"
						],
						"type": "text/javascript"
					}
				},
				{
					"listen": "prerequest",
					"script": {
						"id": "4dbd1e32-2a07-4789-ab24-b0b1ef82777f",
						"exec": [
							"pm.environment.unset(\"access_token\");"
						],
						"type": "text/javascript"
					}
				}
			],
			"request": {
				"auth": {
					"type": "noauth"
				},
				"method": "POST",
				"header": [
					{
						"key": "Content-Type",
						"value": "application/json",
						"type": "text"
					},
					{
						"key": "Code",
						"value": "2a562ff5-aa71-42d9-82d4-7695d1152586",
						"type": "text",
						"disabled": true
					}
				],
				"body": {
					"mode": "raw",
					"raw": "{\"code\":\"e50f4995-1c46-493e-b34f-ead1bec75696\"}"
				},
				"url": {
					"raw": "http://localhost:8080/open-banking/v3/token",
					"protocol": "http",
					"host": [
						"localhost"
					],
					"port": "8080",
					"path": [
						"open-banking",
						"v3",
						"token"
					]
				}
			},
			"response": []
		},
		{
			"name": "5.Post Domestic Payment",
			"event": [
				{
					"listen": "test",
					"script": {
						"id": "f062a23c-289a-4faf-9cd6-764a6ee2a597",
						"exec": [
							"pm.test(\"Status code is 201\", function () {",
							"    pm.response.to.have.status(201);",
							"});",
							"",
							"pm.test(\"Request status is AcceptedSettlementInProcess\", function () {",
							"    pm.response.to.have.jsonBody('Data.Status', \"AcceptedSettlementInProcess\");",
							"});",
							"",
							"let jsonData = pm.response.json();",
							"let paymentSelfLink = jsonData.Links.Self;",
							"let domesticPaymentId = jsonData.Data.DomesticPaymentId;",
							"pm.environment.set(\"paymentSelfLink\", paymentSelfLink);",
							"pm.environment.set(\"domesticPaymentId\", domesticPaymentId);",
							""
						],
						"type": "text/javascript"
					}
				},
				{
					"listen": "prerequest",
					"script": {
						"id": "a1db9739-5853-4f32-b3a6-ad8a59006fa8",
						"exec": [
							"pm.environment.unset(\"paymentSelfLink\");"
						],
						"type": "text/javascript"
					}
				}
			],
			"request": {
				"method": "POST",
				"header": [
					{
						"key": "Authorization",
						"value": "Bearer {{access_token}}"
					},
					{
						"key": "x-fapi-financial-id",
						"value": "{{x-fapi-financial-id}}"
					},
					{
						"key": "Content-Type",
						"value": "application/json"
					},
					{
						"key": "x-jws-signature",
						"value": "{{x-jws-signature}}"
					},
					{
						"key": "x-idempotency-key",
						"value": "{{$guid}}"
					},
					{
						"key": "",
						"type": "text",
						"value": "",
						"disabled": true
					},
					{
						"key": "",
						"type": "text",
						"value": "",
						"disabled": true
					},
					{
						"key": "x-fapi-customer-ip-address",
						"type": "text",
						"value": "127.0.0.1",
						"disabled": true
					}
				],
				"body": {
					"mode": "raw",
					"raw": "{\r\n  \"Data\": {\r\n  \t\"ConsentId\": \"{{consentId}}\",\r\n    \"Initiation\": {\r\n      \"InstructionIdentification\": \"instr-identification\",\r\n      \"EndToEndIdentification\": \"e2e-identification\",\r\n      \"InstructedAmount\": {\r\n        \"Amount\": \"50.00\",\r\n        \"Currency\": \"{{psuDebtorAccountCurrency}}\"\r\n      },\r\n      \"DebtorAccount\": null,\r\n      \"CreditorAccount\": {\r\n        \"SchemeName\": \"IBAN\",\r\n        \"Identification\": \"BE56456394728288\",\r\n        \"Name\": \"ACME DIY\",\r\n        \"SecondaryIdentification\": \"secondary-identif\"\r\n      },\r\n      \"RemittanceInformation\": {\r\n        \"Unstructured\": \"Tools\",\r\n        \"Reference\": \"Tools\"\r\n      }\r\n    }\r\n  },\r\n  \"Risk\": {\r\n    \"PaymentContextCode\": \"EcommerceGoods\",\r\n    \"MerchantCategoryCode\": null,\r\n    \"MerchantCustomerIdentification\": null,\r\n    \"DeliveryAddress\": null\r\n  }\r\n}"
				},
				"url": {
					"raw": "http://localhost:8080/open-banking/v3.1/pisp/domestic-payments",
					"protocol": "http",
					"host": [
						"localhost"
					],
					"port": "8080",
					"path": [
						"open-banking",
						"v3.1",
						"pisp",
						"domestic-payments"
					]
				}
			},
			"response": []
		},
		{
			"name": "6.Get Domestic Payment status",
			"event": [
				{
					"listen": "test",
					"script": {
						"id": "d65354df-3cab-42be-b73c-59e9987969f8",
						"exec": [
							"pm.test(\"Status code is 200\", function () {",
							"    pm.response.to.have.status(200);",
							"});",
							"",
							"pm.test(\"Request status is Rejected\", function () {",
							"    pm.response.to.have.jsonBody('Data.Status', \"AcceptedSettlementCompleted\");",
							"});",
							""
						],
						"type": "text/javascript"
					}
				}
			],
			"request": {
				"method": "GET",
				"header": [
					{
						"key": "Authorization",
						"value": "Bearer {{access_token}}"
					},
					{
						"key": "x-fapi-financial-id",
						"value": "{{x-fapi-financial-id}}"
					}
				],
				"url": {
					"raw": "http://localhost:8080/open-banking/v3.1/pisp/domestic-payments/{{domesticPaymentId}}",
					"protocol": "http",
					"host": [
						"localhost"
					],
					"port": "8080",
					"path": [
						"open-banking",
						"v3.1",
						"pisp",
						"domestic-payments",
						"{{domesticPaymentId}}"
					]
				}
			},
			"response": []
		}
	],
	"protocolProfileBehavior": {}
}